Full Name, Email Address
Theophil HS, theo730@abc.edu
Henry Salem, henry@xyz.edu
Benedict, bpache@abc.edu
Raseb, raseb@xyz.edu
Flavia, flavia@utnisia.net
Aurora, aurora@gmail.com
Flaminggo, flemming@abc.edu
Neto, neto@xyz.net